{
  "testConfig": {
    "iterations": 5,
    "operations": [
      10,
      25,
      50,
      100
    ]
  },
  "timestamp": "2025-07-03T23:58:22.949Z",
  "sparky": {
    "operationChains": {
      "10": {
        "average": 0.1946674,
        "min": 0.063317,
        "max": 0.543351,
        "times": [
          0.543351,
          0.080798,
          0.063317,
          0.221934,
          0.063937
        ],
        "successCount": 5
      },
      "25": {
        "average": 0.15918459999999998,
        "min": 0.117547,
        "max": 0.252636,
        "times": [
          0.252636,
          0.11863,
          0.133479,
          0.117547,
          0.173631
        ],
        "successCount": 5
      },
      "50": {
        "average": 0.27952239999999995,
        "min": 0.259059,
        "max": 0.299941,
        "times": [
          0.292232,
          0.286876,
          0.259059,
          0.299941,
          0.259504
        ],
        "successCount": 5
      },
      "100": {
        "average": 0.6177364,
        "min": 0.545391,
        "max": 0.691201,
        "times": [
          0.545391,
          0.610598,
          0.691201,
          0.616514,
          0.624978
        ],
        "successCount": 5
      }
    },
    "assertionChains": {
      "10": {
        "average": 0.29457940000000005,
        "min": 0.17842,
        "max": 0.619152,
        "times": [
          0.619152,
          0.239251,
          0.17842,
          0.238525,
          0.197549
        ],
        "successCount": 5
      },
      "25": {
        "average": 0.4627846,
        "min": 0.296291,
        "max": 0.710458,
        "times": [
          0.442829,
          0.710458,
          0.55887,
          0.296291,
          0.305475
        ],
        "successCount": 5
      },
      "50": {
        "average": 0.9000868000000001,
        "min": 0.737296,
        "max": 1.139359,
        "times": [
          0.737296,
          0.807765,
          0.950423,
          1.139359,
          0.865591
        ],
        "successCount": 5
      },
      "100": {
        "average": 1.253724,
        "min": 1.052391,
        "max": 1.437843,
        "times": [
          1.321899,
          1.437843,
          1.252562,
          1.203925,
          1.052391
        ],
        "successCount": 5
      }
    }
  },
  "snarky": {
    "operationChains": {
      "10": {
        "average": 0.048011399999999996,
        "min": 0.013956,
        "max": 0.166712,
        "times": [
          0.030715,
          0.014575,
          0.166712,
          0.014099,
          0.013956
        ],
        "successCount": 5
      },
      "25": {
        "average": 0.032136399999999996,
        "min": 0.030593,
        "max": 0.033116,
        "times": [
          0.033116,
          0.032733,
          0.031547,
          0.032693,
          0.030593
        ],
        "successCount": 5
      },
      "50": {
        "average": 0.11586700000000001,
        "min": 0.059472,
        "max": 0.202982,
        "times": [
          0.059472,
          0.171585,
          0.084209,
          0.202982,
          0.061087
        ],
        "successCount": 5
      },
      "100": {
        "average": 0.22170839999999997,
        "min": 0.115182,
        "max": 0.258648,
        "times": [
          0.258648,
          0.23999,
          0.257453,
          0.237269,
          0.115182
        ],
        "successCount": 5
      }
    },
    "assertionChains": {
      "10": {
        "average": 0.059815600000000003,
        "min": 0.033613,
        "max": 0.15622,
        "times": [
          0.038298,
          0.035872,
          0.035075,
          0.15622,
          0.033613
        ],
        "successCount": 5
      },
      "25": {
        "average": 0.18301399999999995,
        "min": 0.109516,
        "max": 0.248035,
        "times": [
          0.248035,
          0.111563,
          0.226297,
          0.219659,
          0.109516
        ],
        "successCount": 5
      },
      "50": {
        "average": 0.3959456,
        "min": 0.313653,
        "max": 0.490372,
        "times": [
          0.490372,
          0.323404,
          0.429947,
          0.313653,
          0.422352
        ],
        "successCount": 5
      },
      "100": {
        "average": 0.6608232,
        "min": 0.62533,
        "max": 0.69767,
        "times": [
          0.62533,
          0.69767,
          0.653945,
          0.661418,
          0.665753
        ],
        "successCount": 5
      }
    }
  },
  "comparison": {
    "operationChains": {
      "10": {
        "sparkyTime": 0.1946674,
        "snarkyTime": 0.048011399999999996,
        "ratio": 4.054607863965642,
        "percentDiff": 305.4607863965642,
        "sparkySuccess": 5,
        "snarkySuccess": 5
      },
      "25": {
        "sparkyTime": 0.15918459999999998,
        "snarkyTime": 0.032136399999999996,
        "ratio": 4.953404861776677,
        "percentDiff": 395.34048617766774,
        "sparkySuccess": 5,
        "snarkySuccess": 5
      },
      "50": {
        "sparkyTime": 0.27952239999999995,
        "snarkyTime": 0.11586700000000001,
        "ratio": 2.412441851433108,
        "percentDiff": 141.2441851433108,
        "sparkySuccess": 5,
        "snarkySuccess": 5
      },
      "100": {
        "sparkyTime": 0.6177364,
        "snarkyTime": 0.22170839999999997,
        "ratio": 2.7862561815429636,
        "percentDiff": 178.62561815429638,
        "sparkySuccess": 5,
        "snarkySuccess": 5
      }
    },
    "assertionChains": {
      "10": {
        "sparkyTime": 0.29457940000000005,
        "snarkyTime": 0.059815600000000003,
        "ratio": 4.924792194678312,
        "percentDiff": 392.4792194678312,
        "sparkySuccess": 5,
        "snarkySuccess": 5
      },
      "25": {
        "sparkyTime": 0.4627846,
        "snarkyTime": 0.18301399999999995,
        "ratio": 2.5286841443823977,
        "percentDiff": 152.86841443823974,
        "sparkySuccess": 5,
        "snarkySuccess": 5
      },
      "50": {
        "sparkyTime": 0.9000868000000001,
        "snarkyTime": 0.3959456,
        "ratio": 2.2732587506970656,
        "percentDiff": 127.32587506970657,
        "sparkySuccess": 5,
        "snarkySuccess": 5
      },
      "100": {
        "sparkyTime": 1.253724,
        "snarkyTime": 0.6608232,
        "ratio": 1.897215473064505,
        "percentDiff": 89.72154730645049,
        "sparkySuccess": 5,
        "snarkySuccess": 5
      }
    }
  }
}