{
  "timestamp": "2025-07-03T08:24:13.389Z",
  "environment": {
    "platform": "linux",
    "arch": "x64",
    "cpus": 20,
    "cpuModel": "13th Gen Intel(R) Core(TM) i9-13900H",
    "totalMemory": 31.019695281982422,
    "nodeVersion": "v22.1.0"
  },
  "tests": {
    "fieldAddition": {
      "snarky": {
        "mean": 0.3658489368421054,
        "median": 0.366052,
        "stdDev": 0.009832707589640784,
        "min": 0.349307,
        "max": 0.394186,
        "p95": 0.382651
      },
      "sparky": {
        "mean": 0.3633902395833333,
        "median": 0.363949,
        "stdDev": 0.00920113520594152,
        "min": 0.348331,
        "max": 0.391783,
        "p95": 0.379708
      },
      "ratio": 0.9932794740911512,
      "acceptable": true
    },
    "fieldMultiplication": {
      "snarky": {
        "mean": 0.0466082588235294,
        "median": 0.046109,
        "stdDev": 0.0012122134363895338,
        "min": 0.045438,
        "max": 0.050869,
        "p95": 0.049306
      },
      "sparky": {
        "mean": 0.043950168539325846,
        "median": 0.043469,
        "stdDev": 0.0016971637889875786,
        "min": 0.042155,
        "max": 0.049374,
        "p95": 0.047633
      },
      "ratio": 0.9429695433535127,
      "acceptable": true
    },
    "fieldInversion": {
      "snarky": {
        "mean": 1.9831048314606732,
        "median": 1.979438,
        "stdDev": 0.017007336524151907,
        "min": 1.960595,
        "max": 2.036307,
        "p95": 2.020056
      },
      "sparky": {
        "mean": 1.9819161956521736,
        "median": 1.982934,
        "stdDev": 0.012230641429941725,
        "min": 1.955438,
        "max": 2.012149,
        "p95": 2.001392
      },
      "ratio": 0.9994006187723197,
      "acceptable": true
    },
    "poseidonHash": {
      "snarky": {
        "mean": 54.920379400000016,
        "median": 54.556551,
        "stdDev": 1.3688244868678696,
        "min": 53.244463,
        "max": 59.735715,
        "p95": 58.427415
      },
      "sparky": {
        "mean": 54.104910391752604,
        "median": 54.082566,
        "stdDev": 0.5299296713558221,
        "min": 53.074063,
        "max": 55.491962,
        "p95": 55.075925
      },
      "ratio": 0.9851517957968183,
      "acceptable": true
    },
    "merkleTree": {
      "snarky": {
        "mean": 68.47465672,
        "median": 68.573453,
        "stdDev": 0.548957700377216,
        "min": 67.194797,
        "max": 69.763502,
        "p95": 69.317829
      },
      "sparky": {
        "mean": 69.32742047916669,
        "median": 68.965597,
        "stdDev": 1.2720779441105905,
        "min": 67.33722,
        "max": 73.32262,
        "p95": 71.583466
      },
      "ratio": 1.0124537135345377,
      "acceptable": true
    },
    "nestedArithmetic": {
      "snarky": {
        "mean": 15.276548693877553,
        "median": 14.751291,
        "stdDev": 2.4039394039578434,
        "min": 12.432628,
        "max": 22.182301,
        "p95": 19.588473
      },
      "sparky": {
        "mean": 13.938190863636368,
        "median": 14.607065,
        "stdDev": 1.3326865416924774,
        "min": 12.402882,
        "max": 16.939132,
        "p95": 16.548907
      },
      "ratio": 0.912391348526414,
      "acceptable": true
    },
    "largeArrayOps": {
      "snarky": {
        "mean": 7.44249592,
        "median": 7.439837,
        "stdDev": 0.02416968159975643,
        "min": 7.392232,
        "max": 7.50084,
        "p95": 7.49319
      },
      "sparky": {
        "mean": 7.445812960000001,
        "median": 7.442067,
        "stdDev": 0.027537674612762797,
        "min": 7.393504,
        "max": 7.504383,
        "p95": 7.49429
      },
      "ratio": 1.0004456891929343,
      "acceptable": true
    },
    "ammSwap": {
      "snarky": {
        "mean": 1.1297793846153847,
        "median": 1.129483,
        "stdDev": 0.005319671281609298,
        "min": 1.120278,
        "max": 1.142539,
        "p95": 1.140873
      },
      "sparky": {
        "mean": 1.1245197317073174,
        "median": 1.122514,
        "stdDev": 0.007149967228389477,
        "min": 1.115812,
        "max": 1.150142,
        "p95": 1.142605
      },
      "ratio": 0.9953445309945553,
      "acceptable": true
    },
    "tokenTransfer": {
      "snarky": {
        "mean": 0.2775323877551021,
        "median": 0.274164,
        "stdDev": 0.008195198036023657,
        "min": 0.267603,
        "max": 0.297783,
        "p95": 0.293266
      },
      "sparky": {
        "mean": 0.2741195416666667,
        "median": 0.272212,
        "stdDev": 0.006424827170043608,
        "min": 0.266139,
        "max": 0.288978,
        "p95": 0.287251
      },
      "ratio": 0.9877028907651422,
      "acceptable": true
    }
  }
}